pageType,Url
Databases,"https://breachforums.st/Announcement-Database-Index"
"Forum - Announcements","https://breachforums.st/Thread-Restoring-Official-Database-to-Original-Owners"
"Forum - Suggestions & Bug Reports","https://breachforums.st/Thread-SUGGESTION-Email-Whitelist"
Home,"https://breachforums.st/"
"Forum - Announcements","https://breachforums.st/Thread-RIP-Jacuzzi"
"Forum - Suggestions & Bug Reports","https://breachforums.st/Thread-SUGGESTION-BreachFourms-i2p-Mirror"
"Forum - Announcements","https://breachforums.st/Thread-Another-day-another-domain-suspension"
"Forum - World News","https://breachforums.st/Thread-Where-to-find-business-emails"
"Forum - Suggestions & Bug Reports","https://breachforums.st/Thread-Modify-Marketplace-Section-Rules-Leaks-Market"
"Forum - Announcements","https://breachforums.st/Thread-Quality-of-Life-Updates"
"Forum - World News","https://breachforums.st/Thread-emo-Telegram-zero-day-Exploit"
"Forum - Announcements","https://breachforums.st/Thread-Clarification-about-partnerships-with-our-forum"
"Forum - World News","https://breachforums.st/Thread-Firefox-and-Tor-hit-with-9-8-critical-level-exploit"
"Forum - Suggestions & Bug Reports","https://breachforums.st/Thread-IQ-Test-During-Forum-Registrations"
"Forum - Announcements","https://breachforums.st/Thread-Downtime-Update--79856"
"Forum - World News","https://breachforums.st/Thread-macOS-Ransomware"
"Forum - Announcements","https://breachforums.st/Thread-BFv1-Database-Leak"
"Forum - Suggestions & Bug Reports","https://breachforums.st/Thread-SUGGESTION-Need-a-feature-to-bookmark-threads"
"Forum - World News","https://breachforums.st/Thread-Crypto-Litecoin"
"Forum - Announcements","https://breachforums.st/Thread-Confirmation-of-new-domain"
"Forum - Suggestions & Bug Reports","https://breachforums.st/Thread-SUGGESTION-cooking-area"
"Forum - Announcements","https://breachforums.st/Thread-IMPORTANT-READ-Statement-Regarding-Pompompurin"
"Forum - World News","https://breachforums.st/Thread-Cyber-house-of-cards-%E2%80%93-Politicians%E2%80%99-personal-details-exposed-online"
"Forum - Suggestions & Bug Reports","https://breachforums.st/Thread-BUG-The-specified-thread-does-not-exist-minor"
"Forum - World News","https://breachforums.st/Thread-RIOT-puts-up-a-100-000-Bug-Bounty-Reward"
"Forum - Announcements","https://breachforums.st/Thread-IMPORTANT-READ-Regarding-old-BreachForums-domains"
"Forum - Suggestions & Bug Reports","https://breachforums.st/Thread-SUGGESTION-Add-subforums-to-the-Cracked-Accounts-section"
"Forum - World News","https://breachforums.st/Thread-The-solution-in-Syria-Syrian-President-Bashar-al-Assad"
"Forum - Suggestions & Bug Reports","https://breachforums.st/Thread-Account-Verification-Email"
"Forum - World News","https://breachforums.st/Thread-LG-Smart-TVs-Vulnerable-to-Root-Access-Exploits"
"Forum - Suggestions & Bug Reports","https://breachforums.st/Thread-BUG-Images-from-the-breach-don-t-work-in-threads-when-using-the-onion"
"Forum - World News","https://breachforums.st/Thread-Reliable-source-for-professional-emails"
"Forum - Suggestions & Bug Reports","https://breachforums.st/Thread-BUG-Tor"
"Forum - Announcements","https://breachforums.st/Thread-IMPORTANT-READ-Statement-Regarding-Pompompurin"
"Forum - World News","https://breachforums.st/Thread-Alaska-News"
"Forum - Announcements","https://breachforums.st/Thread-IMPORTANT-READ-Regarding-old-BreachForums-domains"
"Forum - World News","https://breachforums.st/Thread-News-Elon-Musk-and-Germany"
"Forum - Suggestions & Bug Reports","https://breachforums.st/Thread-SUGGESTION-Add-trading-and-shitposting-forum"
"Forum - Suggestions & Bug Reports","https://breachforums.st/Thread-SUGGESTION-Standardisation-of-thread-s-format-including-attaching-a-mandatory-sample"
"Forum - Announcements","https://breachforums.st/Thread-Restoring-Official-Database-to-Original-Owners"
"Forum - Announcements","https://breachforums.st/Thread-Scammers-pretending-to-be-staff"
"Forum - Suggestions & Bug Reports","https://breachforums.st/Thread-SUGGESTION-Custom-user-groups"
"Forum - Announcements","https://breachforums.st/Thread-Telegram-Shoutbox-Update"
"Forum - Suggestions & Bug Reports","https://breachforums.st/Thread-SUGGESTION-change-shoutbox-telegram-link"
"Forum - World News","https://breachforums.st/Thread-Putin-Film"
"Forum - Announcements","https://breachforums.st/Thread-New-Forum-Sections"
"Forum - Suggestions & Bug Reports","https://breachforums.st/Thread-SUGGESTION-Automatically-unhide-links-from-banned-users-threads"
"Forum - World News","https://breachforums.st/Thread-USA-whos-the-next-president"
"Forum - World News","https://breachforums.st/Thread-Critical-BeyondTrust-Vulnerability"
"Forum - Announcements","https://breachforums.st/Thread-IMPORTANT-READ-How-did-we-troll-FBI"
"Forum - Suggestions & Bug Reports","https://breachforums.st/Thread-All-bugs-in-forum"
"Forum - Announcements","https://breachforums.st/Thread-New-escrow-update"
"Forum - World News","https://breachforums.st/Thread-FakeBat-Loader-Malware-Spreads-Widely-Through-Drive-by-Download-Attacks"
"Forum - Suggestions & Bug Reports","https://breachforums.st/Thread-SUGGESTION-Show-how-many-times-download-unlocked"
"Forum - Announcements","https://breachforums.st/Thread-Auto-Escrow-Update"
"Forum - World News","https://breachforums.st/Thread-Update-conflict-in-Ukraine"
"Forum - World News","https://breachforums.st/Thread-nick-fuentes-THOUGHTS"
"Forum - Introductions","https://breachforums.st/Thread-Greetings-I-m-zDisTero-I-introduce-myself"
"Forum - Suggestions & Bug Reports","https://breachforums.st/Thread-SUGGESTION-Add-trading-and-shitposting-forum"
"Forum - Announcements","https://breachforums.st/Thread-IMPORTANT-READ-Statement-Regarding-Pompompurin"
"Forum - Introductions","https://breachforums.st/Thread-Feliz-Natal-Apura"
"Forum - Announcements","https://breachforums.st/Thread-IMPORTANT-READ-Regarding-old-BreachForums-domains"
"Forum - Introductions","https://breachforums.st/Thread-Newcomer-Report"
"Forum - Suggestions & Bug Reports","https://breachforums.st/Thread-SUGGESTION-Standardisation-of-thread-s-format-including-attaching-a-mandatory-sample"
"Forum - Announcements","https://breachforums.st/Thread-Restoring-Official-Database-to-Original-Owners"
"Forum - Introductions","https://breachforums.st/Thread-Nam3L3ss-Manifesto"
"Forum - Suggestions & Bug Reports","https://breachforums.st/Thread-SUGGESTION-Email-Whitelist"
"Forum - Announcements","https://breachforums.st/Thread-Scammers-pretending-to-be-staff"
"Forum - Introductions","https://breachforums.st/Thread-Hi-Everyone--154555"
"Forum - Suggestions & Bug Reports","https://breachforums.st/Thread-SUGGESTION-Thread-Prefixes"
"Forum - Announcements","https://breachforums.st/Thread-Telegram-Shoutbox-Update"
"Forum - Introductions","https://breachforums.st/Thread-Hello--154520"
"Forum - Suggestions & Bug Reports","https://breachforums.st/Thread-SUGGESTION-BF-url-redirect"
"Forum - Introductions","https://breachforums.st/Thread-how-to-pentest-an-IoT-Web-application"
"Forum - Suggestions & Bug Reports","https://breachforums.st/Thread-SUGGESTION-Add-Counter-For-Social-Handle-Changes"
"Forum - Announcements","https://breachforums.st/Thread-IMPORTANT-READ-How-did-we-troll-FBI"
"Forum - Suggestions & Bug Reports","https://breachforums.st/Thread-SUGGESTION-Enable-Reply-to-view-in-the-Other-Leaks-Section"
"Forum - Announcements","https://breachforums.st/Thread-New-escrow-update"
"Forum - Suggestions & Bug Reports","https://breachforums.st/Thread-Limit-dox-Thread"
"Forum - Announcements","https://breachforums.st/Thread-RIP-Jacuzzi"
"Forum - World News","https://breachforums.st/Thread-United-Health-shooter-is-just-an-Ivy-league-kid"
"Forum - Suggestions & Bug Reports","https://breachforums.st/Thread-SUGGESTION-Onsite-credit-gambling-for-fun"
"Forum - World News","https://breachforums.st/Thread-Situation-in-Syria-Do-you-think-Assad-will-succeed-in-resisting"
"Forum - Technology News","https://breachforums.st/Thread-NO-LOGS-VPN-Best-VPN-for-clear-and-dark-web"
"Forum - Suggestions & Bug Reports","https://breachforums.st/Thread-BUG-PoW-is-not-working-on-Tor-browser"
"Forum - Technology News","https://breachforums.st/Thread-Campaign-abusing-HubSpot-targets-20-000-Microsoft-Azure-accounts"
"Forum - Suggestions & Bug Reports","https://breachforums.st/Thread-Bug-Timer-never-ends-You-have-reached-the-maximum-of-5-over-the-last-15-minutes"
"Forum - Technology News","https://breachforums.st/Thread-Arrest-of-LockBit-Developer-Rostislav-Panev"
"Forum - Suggestions & Bug Reports","https://breachforums.st/Thread-Sellers-Thread-Ranking-in-Seller-Sections"
"Forum - Technology News","https://breachforums.st/Thread-Android-malware-found-on-Amazon-Appstore-disguised-as-health-app"
"Forum - Suggestions & Bug Reports","https://breachforums.st/Thread-SUGGESTION-Add-Subway-Surfers"
"Forum - Technology News","https://breachforums.st/Thread-Internet-Archive-hacked"
"Forum - The Lounge","https://breachforums.st/Thread-IMPORTANT-READ-Forum-Banner-Default-Profile-Picture-change"
"Forum - Technology News","https://breachforums.st/Thread-Israel-is-preparing-to-extradite-programmer-Rostislav-to-the-United-States"
"Forum - The Lounge","https://breachforums.st/Thread-NEW-USERS-READ-how-to-avoid-scammers-in-the-marketplace"
"Forum - Technology News","https://breachforums.st/Thread-Ultralytics-Hit-by-Supply-Chain-Attack-Through-GitHub-Branch-Name-Injection"
"Forum - The Lounge","https://breachforums.st/Thread-IMPORTANT-READ-Forum-Banner-Default-Profile-Picture-change"
"Forum - Technology News","https://breachforums.st/Thread-Blue-Yonder-ransomware-attack-disrupts-grocery-store-supply-chain"
"Forum - Suggestions & Bug Reports","https://breachforums.st/Thread-SUGGESTION-ADD-A-REAL-PRIVACY-POLICY-TELL-US-WHAT-YOU-ARE-LOGGING"
"Forum - Announcements","https://breachforums.st/Thread-Another-day-another-domain-suspension"
"Forum - Suggestions & Bug Reports","https://breachforums.st/Thread-Sticky-Marketplace-threads"
"Forum - Announcements","https://breachforums.st/Thread-Quality-of-Life-Updates"
"Forum - Suggestions & Bug Reports","https://breachforums.st/Thread-SUGGESTION-Custom-profile-wrap"
"Forum - World News","https://breachforums.st/Thread-Round-2-Change-Healthcare-Targeted-in-Second-Ransomware-Attack"
"Forum - Announcements","https://breachforums.st/Thread-Clarification-about-partnerships-with-our-forum"
"Forum - Suggestions & Bug Reports","https://breachforums.st/Thread-SUGGESTION-Festive-BreachForums-Logos-and-Themes"
"Forum - World News","https://breachforums.st/Thread-Trump-effect-on-stock-market-will-last-until-when"
"Forum - Announcements","https://breachforums.st/Thread-Downtime-Update--79856"
"Forum - Suggestions & Bug Reports","https://breachforums.st/Thread-SUGGESTION-Better-Scraper-Detection-and-Suggestions"
"Forum - World News","https://breachforums.st/Thread-Alaska-News"
"Forum - Announcements","https://breachforums.st/Thread-BFv1-Database-Leak"
"Forum - Suggestions & Bug Reports","https://breachforums.st/Thread-SUGGESTION-Choose-your-prefix-icon"
"Forum - World News","https://breachforums.st/Thread-Round-2-Change-Healthcare-Targeted-in-Second-Ransomware-Attack"
"Forum - Suggestions & Bug Reports","https://breachforums.st/Thread-SUGGESTION-Add-Stelaer-Tool-and-General-Discussion-for-it"
"Forum - Announcements","https://breachforums.st/Thread-Confirmation-of-new-domain"
"Forum - World News","https://breachforums.st/Thread-Trump-effect-on-stock-market-will-last-until-when"
"Forum - Suggestions & Bug Reports","https://breachforums.st/Thread-SUGGESTION-add-Table-Generator-Plugin"
"Forum - Announcements","https://breachforums.st/Thread-Auto-Escrow-Update"
"Forum - Introductions","https://breachforums.st/Thread-New-Here--155221"
"Forum - Suggestions & Bug Reports","https://breachforums.st/Thread-Sticky-Marketplace-threads"
"Forum - Announcements","https://breachforums.st/Thread-RIP-Jacuzzi"
"Forum - Introductions","https://breachforums.st/Thread-im-new-hi-all"
"Forum - Announcements","https://breachforums.st/Thread-Another-day-another-domain-suspension"
"Forum - Suggestions & Bug Reports","https://breachforums.st/Thread-SUGGESTION-Custom-profile-wrap"
"Forum - Introductions","https://breachforums.st/Thread-Hello-I-m-new--155042"
"Forum - Announcements","https://breachforums.st/Thread-Quality-of-Life-Updates"
"Forum - Suggestions & Bug Reports","https://breachforums.st/Thread-SUGGESTION-Festive-BreachForums-Logos-and-Themes"
"Forum - Introductions","https://breachforums.st/Thread-lol-Vinny-Troia-got-dumped-by-SANS"
"Forum - Announcements","https://breachforums.st/Thread-Clarification-about-partnerships-with-our-forum"
"Forum - Suggestions & Bug Reports","https://breachforums.st/Thread-SUGGESTION-Better-Scraper-Detection-and-Suggestions"
"Forum - Introductions","https://breachforums.st/Thread-Introduction-sys32"
"Forum - Announcements","https://breachforums.st/Thread-Downtime-Update--79856"
"Forum - Suggestions & Bug Reports","https://breachforums.st/Thread-SUGGESTION-Choose-your-prefix-icon"
"Forum - Announcements","https://breachforums.st/Thread-BFv1-Database-Leak"
"Forum - Introductions","https://breachforums.st/Thread-Introduction-Seeking-Recommendations"
"Forum - Suggestions & Bug Reports","https://breachforums.st/Thread-SUGGESTION-Add-Stelaer-Tool-and-General-Discussion-for-it"
"Forum - Announcements","https://breachforums.st/Thread-Confirmation-of-new-domain"
"Forum - Introductions","https://breachforums.st/Thread-Merry-Christmas--154835"
"Forum - Suggestions & Bug Reports","https://breachforums.st/Thread-SUGGESTION-add-Table-Generator-Plugin"
"Forum - Suggestions & Bug Reports","https://breachforums.st/Thread-SUGGESTION-Thread-Prefixes"
"Forum - Announcements","https://breachforums.st/Thread-Scammers-pretending-to-be-staff"
"Forum - Suggestions & Bug Reports","https://breachforums.st/Thread-SUGGESTION-BF-url-redirect"
"Forum - Announcements","https://breachforums.st/Thread-Telegram-Shoutbox-Update"
"Forum - Announcements","https://breachforums.st/Thread-New-Forum-Sections"
"Forum - Suggestions & Bug Reports","https://breachforums.st/Thread-SUGGESTION-Add-Counter-For-Social-Handle-Changes"
"Forum - Suggestions & Bug Reports","https://breachforums.st/Thread-SUGGESTION-Enable-Reply-to-view-in-the-Other-Leaks-Section"
"Forum - Announcements","https://breachforums.st/Thread-IMPORTANT-READ-How-did-we-troll-FBI"
"Forum - Suggestions & Bug Reports","https://breachforums.st/Thread-Limit-dox-Thread"
"Forum - Introductions","https://breachforums.st/Thread-Newbie--155279"
"Forum - Suggestions & Bug Reports","https://breachforums.st/Thread-SUGGESTION-ADD-A-REAL-PRIVACY-POLICY-TELL-US-WHAT-YOU-ARE-LOGGING"
"Forum - Announcements","https://breachforums.st/Thread-New-escrow-update"
"Forum - Introductions","https://breachforums.st/Thread-Hi-guys--155239"
"Forum - Announcements","https://breachforums.st/Thread-New-Forum-Sections"
"Forum - Announcements","https://breachforums.st/Thread-Auto-Escrow-Update"
"Forum - World News","https://breachforums.st/Thread-The-CCP-must-pay-for-its-blood-debts"
"Forum - Achievements","https://breachforums.st/Thread-20K-sb-messages"
"Forum - Technology News","https://breachforums.st/Thread-Internet-Archive-hacked"
"Forum - Achievements","https://breachforums.st/Thread-4K-reputation"
"Forum - Serious Discussion","https://breachforums.st/Thread-Need-help-Scraping-Vermont-State-Data-Broker-Registry"
"Forum - Technology News","https://breachforums.st/Thread-Israel-is-preparing-to-extradite-programmer-Rostislav-to-the-United-States"
"Forum - Achievements","https://breachforums.st/Thread-meetings-portseattle-org"
"Forum - Technology News","https://breachforums.st/Thread-Ultralytics-Hit-by-Supply-Chain-Attack-Through-GitHub-Branch-Name-Injection"
"Forum - Serious Discussion","https://breachforums.st/Thread-THIS-IS-NOT-OFFICIAL-LOCKBIT-TELEGRAM-CHANNEL-PLEASE-BE-CAREFUL-IF-YOU-DON-T-WANT-TO"
"Forum - Achievements","https://breachforums.st/Thread-Fumentazo-Top-1-ShoutBox"
"Forum - Technology News","https://breachforums.st/Thread-Blue-Yonder-ransomware-attack-disrupts-grocery-store-supply-chain"
"Forum - Serious Discussion","https://breachforums.st/Thread-semi-private-combo-or-not"
"Forum - Achievements","https://breachforums.st/Thread-CrowdStrike-have-given-me-an-official-designation"
"Forum - Technology News","https://breachforums.st/Thread-FBI-Recovered-7000-Lockbit-Decryption-keys"
"Forum - Serious Discussion","https://breachforums.st/Thread-Worth-phishing-to-crypto-exchange"
"Forum - Technology News","https://breachforums.st/Thread-another-service-is-gone"
"Forum - Achievements","https://breachforums.st/Thread-1-day-sober-of-energy-drinks"
"Forum - Serious Discussion","https://breachforums.st/Thread-Bitcoin-on-the-rise-risks-you-can-t-ignore"
"Forum - Technology News","https://breachforums.st/Thread-LockBit-websites-seized-affiliate-panel-pwned-as-well"
"Forum - Achievements","https://breachforums.st/Thread-Finally-got-username-effect"
"Forum - Serious Discussion","https://breachforums.st/Thread-BEC"
"Forum - Technology News","https://breachforums.st/Thread-Inside-the-U-S-Government-Bought-Tool-That-Can-Track-Phones-at-Abortion-Clinics"
"Forum - Achievements","https://breachforums.st/Thread-Got-a-domain-name-I-ve-always-wanted"
"Forum - Serious Discussion","https://breachforums.st/Thread-How-can-I-bypass-the-14-day-username-change-restriction-on-Instagram"
"Forum - Technology News","https://breachforums.st/Thread-Hacker-in-Snowflake-Extortions-May-Be-a-U-S-Soldier-Referring-to-Kiberphant0m"
"Forum - Achievements","https://breachforums.st/Thread-I-got-the-Gamer-Tag"
"Forum - Serious Discussion","https://breachforums.st/Thread-My-database-of-leaking-cloud-service-files"
"Forum - Technology News","https://breachforums.st/Thread-New-York-Times-Says-OpenAI-Erased-Potential-Lawsuit-Evidence"
"Forum - Achievements","https://breachforums.st/Thread-I-overcame-laziness"
"Forum - Achievements","https://breachforums.st/Thread-home-local-Gpt-chat"
"Forum - Random Discussion","https://breachforums.st/Thread-How-to-Test-HTTP-Requests-in-Acunetix-by-Importing-Requests-from-Burp-Suite"
"Forum - Technology News","https://breachforums.st/Thread-Toyota-confirms-breach-after-stolen-data-leaks-on-hacking-forum"
"Forum - Achievements","https://breachforums.st/Thread-Shut-down-homework-services-with-READ-BELLOW"
"Forum - Technology News","https://breachforums.st/Thread-Critical-7-Zip-Vulnerability-Let-Attackers-Execute-Arbitrary-Code"
"Forum - Random Discussion","https://breachforums.st/Thread-UnitedHleathcare-CEO-shot-outside-hotel-in-New-York-by-masked-person"
"Forum - Achievements","https://breachforums.st/Thread-watched-3-evil-dead-movies"
"Forum - Technology News","https://breachforums.st/Thread-Apple-Urges-Updates-to-Patch-Active-Zero-Day-Exploits"
"Forum - Random Discussion","https://breachforums.st/Thread-Christmas"
"Forum - Technology News","https://breachforums.st/Thread-US-Charges-Five-Alleged-Scattered-Spider-Members"
"Forum - Achievements","https://breachforums.st/Thread-Nearly-8K-posts"
"Forum - Random Discussion","https://breachforums.st/Thread-Black-Ops-6-is-out-First-impression"
"Forum - Technology News","https://breachforums.st/Thread-NO-LOGS-VPN-Best-VPN-for-clear-and-dark-web"
"Forum - Achievements","https://breachforums.st/Thread-600-post-celebration-thread"
"Forum - Random Discussion","https://breachforums.st/Thread-Why-is-it-so-hard-to-get-valid-IDs"
"Forum - Technology News","https://breachforums.st/Thread-Campaign-abusing-HubSpot-targets-20-000-Microsoft-Azure-accounts"
"Forum - Random Discussion","https://breachforums.st/Thread-Scholz-wins-Playboy-magazine-rating"
"Forum - Achievements","https://breachforums.st/Thread-Got-promoted-with-gpt4all"
"Forum - Achievements","https://breachforums.st/Thread-I-once-had-Bug-Hunter-achievement-on-BFv1"
"Forum - Technology News","https://breachforums.st/Thread-Arrest-of-LockBit-Developer-Rostislav-Panev"
"Forum - Technology News","https://breachforums.st/Thread-Android-malware-found-on-Amazon-Appstore-disguised-as-health-app"
"Forum - The Lounge","https://breachforums.st/Thread-NEW-USERS-READ-how-to-avoid-scammers-in-the-marketplace"
"Forum - Random Discussion","https://breachforums.st/Thread-JSON-to-CSV-converter"
"Forum - Technology News","https://breachforums.st/Thread-FBI-Recovered-7000-Lockbit-Decryption-keys"
"Forum - Random Discussion","https://breachforums.st/Thread-Question-Thread-Formatting-View-for-credits"
"Forum - Technology News","https://breachforums.st/Thread-another-service-is-gone"
"Forum - Random Discussion","https://breachforums.st/Thread-New-Elden-Ring-announced"
"Forum - Technology News","https://breachforums.st/Thread-LockBit-websites-seized-affiliate-panel-pwned-as-well"
"Forum - Random Discussion","https://breachforums.st/Thread-Google-replace-Voice-Assistant-to-Gemini"
"Forum - Achievements","https://breachforums.st/Thread-I-got-the-Gamer-Tag"
"Forum - Technology News","https://breachforums.st/Thread-Inside-the-U-S-Government-Bought-Tool-That-Can-Track-Phones-at-Abortion-Clinics"
"Forum - Random Discussion","https://breachforums.st/Thread-Adolescents-Hackers-Young-Reckless-and-Formidable"
"Forum - Achievements","https://breachforums.st/Thread-I-submitted-my-second-paper-for-publication"
"Forum - Technology News","https://breachforums.st/Thread-Hacker-in-Snowflake-Extortions-May-Be-a-U-S-Soldier-Referring-to-Kiberphant0m"
"Forum - Achievements","https://breachforums.st/Thread-i-got-my-school-IT-fired-for-locking-my-school-account"
"Forum - Random Discussion","https://breachforums.st/Thread-onion-name"
"Forum - Technology News","https://breachforums.st/Thread-New-York-Times-Says-OpenAI-Erased-Potential-Lawsuit-Evidence"
"Forum - Random Discussion","https://breachforums.st/Thread-XDefiant-FPS-Shuts-Down-After-7-Months"
"Forum - Achievements","https://breachforums.st/Thread-I-submitted-my-second-paper-for-publication"
"Forum - Serious Discussion","https://breachforums.st/Thread-web-hacking"
"Forum - Technology News","https://breachforums.st/Thread-Toyota-confirms-breach-after-stolen-data-leaks-on-hacking-forum"
"Forum - Achievements","https://breachforums.st/Thread-i-got-my-school-IT-fired-for-locking-my-school-account"
"Forum - Technology News","https://breachforums.st/Thread-Critical-7-Zip-Vulnerability-Let-Attackers-Execute-Arbitrary-Code"
"Forum - Serious Discussion","https://breachforums.st/Thread-Net-worth-Database"
"Forum - Achievements","https://breachforums.st/Thread-I-overcame-laziness"
"Forum - Technology News","https://breachforums.st/Thread-US-Charges-Five-Alleged-Scattered-Spider-Members"
"Forum - Achievements","https://breachforums.st/Thread-home-local-Gpt-chat"
"Forum - Serious Discussion","https://breachforums.st/Thread-THIS-IS-NOT-OFFICIAL-LOCKBIT-TELEGRAM-CHANNEL-PLEASE-BE-CAREFUL-IF-YOU-DON-T-WANT-TO"
"Forum - Achievements","https://breachforums.st/Thread-Shut-down-homework-services-with-READ-BELLOW"
"Forum - Technology News","https://breachforums.st/Thread-SIGTRAN-Cordscan-and-PingPong-leveraged-in-telecom-hacks"
"Forum - Achievements","https://breachforums.st/Thread-watched-3-evil-dead-movies"
"Forum - Serious Discussion","https://breachforums.st/Thread-semi-private-combo-or-not"
"Forum - Technology News","https://breachforums.st/Thread-Donald-Trump%E2%80%99s-social-media-group-in-talks-to-buy-crypto-trading-venue"
"Forum - Serious Discussion","https://breachforums.st/Thread-Worth-phishing-to-crypto-exchange"
"Forum - Achievements","https://breachforums.st/Thread-Nearly-8K-posts"
"Forum - Technology News","https://breachforums.st/Thread-Apple-Urges-Updates-to-Patch-Active-Zero-Day-Exploits"
"Forum - Serious Discussion","https://breachforums.st/Thread-Need-help-Scraping-Vermont-State-Data-Broker-Registry"
"Forum - Achievements","https://breachforums.st/Thread-600-post-celebration-thread"
"Forum - Technology News","https://breachforums.st/Thread-T-Mobile-confirms-it-was-hacked-in-recent-wave-of-telecom-breaches"
"Forum - Serious Discussion","https://breachforums.st/Thread-Bitcoin-on-the-rise-risks-you-can-t-ignore"
"Forum - Technology News","https://breachforums.st/Thread-Microsoft-SharePoint-RCE-bug-exploited-to-breach-corporate-network"
"Forum - Serious Discussion","https://breachforums.st/Thread-BEC"
"Forum - Technology News","https://breachforums.st/Thread-Chinese-hackers-exploit-Fortinet-VPN-zero-day-to-steal-credentials"
"Forum - Achievements","https://breachforums.st/Thread-20K-sb-messages"
"Forum - Serious Discussion","https://breachforums.st/Thread-My-database-of-leaking-cloud-service-files"
"Forum - Technology News","https://breachforums.st/Thread-23andme-who-s-got-the-data"
"Forum - Serious Discussion","https://breachforums.st/Thread-web-hacking"
"Forum - Achievements","https://breachforums.st/Thread-4K-reputation"
"Forum - Serious Discussion","https://breachforums.st/Thread-Net-worth-Database"
"Forum - Achievements","https://breachforums.st/Thread-meetings-portseattle-org"
"Forum - Technology News","https://breachforums.st/Thread-RARBG-Returned"
"Forum - Serious Discussion","https://breachforums.st/Thread-Looking-for-method-to-convert-raw-mysql-files-to-csv"
"Forum - Achievements","https://breachforums.st/Thread-Fumentazo-Top-1-ShoutBox"
"Forum - Technology News","https://breachforums.st/Thread-Ymir-ransomware-partners-with-RustyStealer"
"Forum - Achievements","https://breachforums.st/Thread-CrowdStrike-have-given-me-an-official-designation"
"Forum - Serious Discussion","https://breachforums.st/Thread-Putting-cl0p-ties-to-bed-for-good"
"Forum - Technology News","https://breachforums.st/Thread-Canada-orders-shutdown-of-TikTok-offices-over-security-risks-but-won%E2%80%99t-block-app"
"Forum - Serious Discussion","https://breachforums.st/Thread-Dark-Ndragheta"
"Forum - Achievements","https://breachforums.st/Thread-1-day-sober-of-energy-drinks"
"Forum - Technology News","https://breachforums.st/Thread-TikTok-sued-by-13-states-and-DC-accused-of-harming-younger-users"
"Forum - Achievements","https://breachforums.st/Thread-Finally-got-username-effect"
"Forum - Technology News","https://breachforums.st/Thread-WhiteRabbitNeo-AI-Follow-the-white-rabbit-to-CTF-success"
"Forum - Serious Discussion","https://breachforums.st/Thread-I-want-make-money"
"Forum - Technology News","https://breachforums.st/Thread-Redline-Seized-Operation-Magnus"
"Forum - Serious Discussion","https://breachforums.st/Thread-What-Hacking-Certifications-Do-You-Guys-Recommend"
"Forum - Achievements","https://breachforums.st/Thread-500-Credits-lol"
"Forum - Technology News","https://breachforums.st/Thread-THE-END-OF-MAIL-GOV-UA"
"Forum - Serious Discussion","https://breachforums.st/Thread-need-plan-i-have-gold"
"Forum - Serious Discussion","https://breachforums.st/Thread-Question-about-the-eWPTX-Practical-Exam"
"Forum - Achievements","https://breachforums.st/Thread-psychological-achievements"
"Forum - Technology News","https://breachforums.st/Thread-New-Android-SpyAgent-Malware-Uses-OCR-to-Steal-Crypto-Wallet-Recovery-Keys"
"Forum - Serious Discussion","https://breachforums.st/Thread-So-why-are-there-56-chars-onion-TLD-domains"
"Forum - Achievements","https://breachforums.st/Thread-i-went-outside"
"Forum - Achievements","https://breachforums.st/Thread-I-once-had-Bug-Hunter-achievement-on-BFv1"
"Forum - Serious Discussion","https://breachforums.st/Thread-How-can-I-bypass-the-14-day-username-change-restriction-on-Instagram"
"Forum - Achievements","https://breachforums.st/Thread-Got-a-domain-name-I-ve-always-wanted"
"Forum - Achievements","https://breachforums.st/Thread-Got-promoted-with-gpt4all"
"Forum - Technology News","https://breachforums.st/Thread-AWS-Azure-auth-keys-found-in-Android-and-iOS-apps-used-by-millions"
"Forum - Technology News","https://breachforums.st/Thread-Critical-WordPress-Plug-in-Flaw-Exposes-4M-Sites-to-Takeover"
"Forum - Technology News","https://breachforums.st/Thread-Critical-Mozilla-Firefox-Zero-Day-Allows-Code-Execution"
"Forum - Serious Discussion","https://breachforums.st/Thread-why-people-don-t-use-escrow"
"Forum - Achievements","https://breachforums.st/Thread-Organized-my-drive"
"Forum - Technology News","https://breachforums.st/Thread-This-is-what-freelance-support-gets-you"
"Forum - Achievements","https://breachforums.st/Thread-100-posts"
"Forum - Serious Discussion","https://breachforums.st/Thread-SimpleX-replacing-Telegram"
"Forum - Achievements","https://breachforums.st/Thread-MY-CMOS-BATTERY-HAS-RUN-OUT"
"Forum - Serious Discussion","https://breachforums.st/Thread-Do-you-have-OnlyFake-link"
"Forum - Technology News","https://breachforums.st/Thread-Curious-Google-Results-Via-URL-Manipulation"
"Forum - Achievements","https://breachforums.st/Thread-Actually-over-8K-posts-now"
"Forum - Serious Discussion","https://breachforums.st/Thread-I-want-to-hack"
"Forum - Serious Discussion","https://breachforums.st/Thread-emo-s-lore-book-the-whole-story"
"Forum - Serious Discussion","https://breachforums.st/Thread-create-facebook-account"
"Forum - Achievements","https://breachforums.st/Thread-500-posts--116140"
"Forum - Achievements","https://breachforums.st/Thread-Got-a-Super-Scope"
"Forum - Technology News","https://breachforums.st/Thread-Alleged-Russian-Phobos-ransomware-administrator-extradited-to-U-S-in-custody"
"Forum - Serious Discussion","https://breachforums.st/Thread-Someone-s-Website-where-the-upload-is-accessible-to-everyone"
"Forum - Achievements","https://breachforums.st/Thread-1000-posts-on-BF"
"Forum - Anime & Manga","https://breachforums.st/Thread-What-are-your-thoughts-on-the-evolution-of-Anima-in-the-Final-Fantasy-series"
"Forum - Achievements","https://breachforums.st/Thread-23-days-indoors"
"Forum - Serious Discussion","https://breachforums.st/Thread-Was-breachforums-taken-over-by-feds-and-turned-into-Honeypot"
"Forum - Anime & Manga","https://breachforums.st/Thread-can-give-recommendations-to-watch"
"Forum - Anime & Manga","https://breachforums.st/Thread-Where-should-i-start"
"Forum - Achievements","https://breachforums.st/Thread-I-m-medicated-now"
"Forum - Anime & Manga","https://breachforums.st/Thread-anime-suggestion--153797"
"Forum - Achievements","https://breachforums.st/Thread-I-won-a-Samsung-from-Mr-Beast"
"Forum - Anime & Manga","https://breachforums.st/Thread-Dandadan-EPISODE-LEAK"
"Forum - Serious Discussion","https://breachforums.st/Thread-Now-I-m-Angry"
"Forum - Anime & Manga","https://breachforums.st/Thread-Any-one-has-Solo-leveling-new-2-episodes"
"Forum - Achievements","https://breachforums.st/Thread-Interpol-Latest-access"
"Forum - Serious Discussion","https://breachforums.st/Thread-I-will-be-your-slave-for-24h"
"Forum - Anime & Manga","https://breachforums.st/Thread-can-give-recommendations-to-watch"
"Forum - Achievements","https://breachforums.st/Thread-1k"
"Forum - Achievements","https://breachforums.st/Thread-Over-6k-posts"
"Forum - Achievements","https://breachforums.st/Thread-I-joined-BF"
"Forum - Anime & Manga","https://breachforums.st/Thread-Where-should-i-start"
"Forum - Serious Discussion","https://breachforums.st/Thread-WHY-U-SAY-FUCK-NIGGER-IF-U-ARE-NIGGER"
"Forum - Serious Discussion","https://breachforums.st/Thread-Programms-to-shitstorm-call-someone"
"Forum - Anime & Manga","https://breachforums.st/Thread-What-are-your-thoughts-on-the-evolution-of-Anima-in-the-Final-Fantasy-series"
"Forum - Anime & Manga","https://breachforums.st/Thread-Opinion-on-higurashi-when-they-cry"
"Forum - Music & Videos","https://breachforums.st/Thread-Anyone-here-listens-to-Darkspin-type-songs"
"Forum - Anime & Manga","https://breachforums.st/Thread-Any-good-isekai-anime"
"Forum - Music & Videos","https://breachforums.st/Thread-Project-X-full-movie"
"Forum - Anime & Manga","https://breachforums.st/Thread-bleach-or-hunter-x-hunter"
"Forum - Music & Videos","https://breachforums.st/Thread-What-country-makes-the-best-music"
"Forum - Anime & Manga","https://breachforums.st/Thread-Any-good-manga-s-about-hackers-you-could-recommend"
"Forum - Music & Videos","https://breachforums.st/Thread-Why-today-s-video-clips-are-so-bad"
"Forum - Anime & Manga","https://breachforums.st/Thread-What-s-your-favorite-Dragon-ball-Character"
"Forum - Music & Videos","https://breachforums.st/Thread-DEBATE"
"Forum - Anime & Manga","https://breachforums.st/Thread-Review-of-Steins-Gate"
"Forum - Music & Videos","https://breachforums.st/Thread-Mama-s-Boy-Kanye-4-versions"
"Forum - Anime & Manga","https://breachforums.st/Thread-What-Anime-is-actually-better-than-the-manga"
"Forum - Music & Videos","https://breachforums.st/Thread-Grail-Snippets"
"Forum - Achievements","https://breachforums.st/Thread-Woo-advanced-user-%CB%83%CC%B5%E3%80%80%E1%B4%97%E3%80%80%CB%82%CC%B5-%D9%88"
"Forum - Anime & Manga","https://breachforums.st/Thread-Dandadan-EPISODE-LEAK"
"Forum - Anime & Manga","https://breachforums.st/Thread-Any-one-has-Solo-leveling-new-2-episodes"
"Forum - Anime & Manga","https://breachforums.st/Thread-anime-suggestion--153797"
"Forum - Achievements","https://breachforums.st/Thread-haxSec-United-States-Homeland-Security-Employee-System-taken-down"
"Forum - Achievements","https://breachforums.st/Thread-i-didnt-do-anything-cool"
"Forum - Anime & Manga","https://breachforums.st/Thread-What-are-some-niche-anime-recommendations"
"Forum - Music & Videos","https://breachforums.st/Thread-favourite-11-artists"
"Forum - Anime & Manga","https://breachforums.st/Thread-Anyone-has-death-note-manga-translated"
"Forum - Anime & Manga","https://breachforums.st/Thread-BillyBat-Manga"
"Forum - Music & Videos","https://breachforums.st/Thread-sigma-boy"
"Forum - Anime & Manga","https://breachforums.st/Thread-Mirai-Nikki"
"Forum - Music & Videos","https://breachforums.st/Thread-Who-will-recommend-some-perfect-system-to-management-Music"
"Forum - Anime & Manga","https://breachforums.st/Thread-Berserk-References"
"Forum - Music & Videos","https://breachforums.st/Thread-good-man"
"Forum - Anime & Manga","https://breachforums.st/Thread-Manga-Rec-s"
"Forum - Music & Videos","https://breachforums.st/Thread-leak-4x-JCole"
"Forum - Anime & Manga","https://breachforums.st/Thread-berserk-fans-come"
"Forum - Music & Videos","https://breachforums.st/Thread-leak-Forever-Young-album-Lil-Uzi-Vert"
"Forum - Music & Videos","https://breachforums.st/Thread-sigma-boy"
"Forum - Anime & Manga","https://breachforums.st/Thread-9-Anime-alternative"
"Forum - Music & Videos","https://breachforums.st/Thread-favourite-11-artists"
"Forum - Anime & Manga","https://breachforums.st/Thread-Manga-vs-Anime-Which-Medium-Tells-the-Story-Better"
"Forum - Music & Videos","https://breachforums.st/Thread-Anyone-here-listens-to-Darkspin-type-songs"
"Forum - Anime & Manga","https://breachforums.st/Thread-Spy-X-Family--140973"
"Forum - Music & Videos","https://breachforums.st/Thread-Project-X-full-movie"
"Forum - Anime & Manga","https://breachforums.st/Thread-Watch-series-Pokemon-complete"
"Forum - Music & Videos","https://breachforums.st/Thread-What-country-makes-the-best-music"
"Forum - Anime & Manga","https://breachforums.st/Thread-Levi-s-Rage-Mode"
"Forum - Music & Videos","https://breachforums.st/Thread-Why-today-s-video-clips-are-so-bad"
"Forum - Music & Videos","https://breachforums.st/Thread-DEBATE"
"Forum - Music & Videos","https://breachforums.st/Thread-Mama-s-Boy-Kanye-4-versions"
"Forum - Music & Videos","https://breachforums.st/Thread-Grail-Snippets"
"Forum - Music & Videos","https://breachforums.st/Thread-Who-will-recommend-some-perfect-system-to-management-Music"
"Forum - Music & Videos","https://breachforums.st/Thread-good-man"
"Forum - Music & Videos","https://breachforums.st/Thread-leak-4x-JCole"
"Forum - Music & Videos","https://breachforums.st/Thread-leak-Forever-Young-album-Lil-Uzi-Vert"
"Forum - Music & Videos","https://breachforums.st/Thread-Looking-For-Air-on-G-String-Easy"
"Forum - Music & Videos","https://breachforums.st/Thread-favorite-Music--151976"
"Forum - Music & Videos","https://breachforums.st/Thread-leak-Barter-16-Album-Uzi"
"Forum - Music & Videos","https://breachforums.st/Thread-leak-Smack-My-Bitch-Up-Lil-Uzi-Vert"
"Forum - Music & Videos","https://breachforums.st/Thread-Leak-Juice-WRLD-Problems-Over-There--151990"
"Forum - Music & Videos","https://breachforums.st/Thread-Mega-of-drake-leaks"
"Forum - Music & Videos","https://breachforums.st/Thread-Good-concerts-coming-soon"
"Forum - Music & Videos","https://breachforums.st/Thread-Reccomended-Music-for-studying"
"Forum - Music & Videos","https://breachforums.st/Thread-What-s-your-favourite-song-rock-right-now"
"Forum - Anime & Manga","https://breachforums.st/Thread-Top-Action-Anime-Reccomendations"
"Forum - Music & Videos","https://breachforums.st/Thread-leak-OG-3THREE-FUCK-THE-BEEF-ft-Lil-Uzi-Vert"
"Forum - Music & Videos","https://breachforums.st/Thread-Film-to-see-if-want"
"Forum - Music & Videos","https://breachforums.st/Thread-who-is-your-favorite-singer-today"
"Forum - Music & Videos","https://breachforums.st/Thread-songs-similar-to-this-one"
"Forum - Music & Videos","https://breachforums.st/Thread-BO6-Terminus-Boss-theme"
"Forum - Music & Videos","https://breachforums.st/Thread-Turkish-Best-Diss"
"Forum - Music & Videos","https://breachforums.st/Thread-Soundcloud-privated-songs"
"Forum - Music & Videos","https://breachforums.st/Thread-Frog-Leap-Studios-Best-metal-covers"
"Forum - Music & Videos","https://breachforums.st/Thread-MONEY-SONG"
"Forum - Music & Videos","https://breachforums.st/Thread-An0n-Ali-A-great-Youtube-Channel"
"Forum - Music & Videos","https://breachforums.st/Thread-Power-Metal"
Statistics,"https://breachforums.st/stats.php"
